Customer ID,First Name,Last Name,Email,Phone,Address,City,State,Postal Code,Country
1,David,Brown,david.brown@example.com,9876543210,414 Oak St,Houston,NY,66818,USA
2,Jane,Garcia,jane.garcia@email.com,5647382910,747 Main St,Chicago,TX,48599,USA
3,Susan,Smith,susan.smith@mail.com,1234567890,893 Pine St,New York,NY,45599,USA
4,Robert,Doe,robert.doe@test.com,5647382910,570 Pine St,New York,TX,50711,USA
5,John,Doe,john.doe@test.com,0987654321,161 Pine St,Houston,AZ,57200,USA
6,Linda,Garcia,linda.garcia@example.com,5647382910,483 Oak St,New York,NY,97455,USA
7,John,Williams,john.williams@mail.com,0987654321,159 Main St,Los Angeles,IL,84700,USA
8,Robert,Martinez,robert.martinez@email.com,1234567890,698 Maple St,Chicago,CA,65186,USA
9,David,Davis,david.davis@test.com,5647382910,630 Pine St,Houston,AZ,68884,USA
10,Robert,Jones,robert.jones@email.com,1029384756,369 Pine St,New York,TX,29772,USA
11,Jane,Johnson,jane.johnson@test.com,5647382910,586 Oak St,Chicago,CA,50989,USA
12,Emily,Martinez,emily.martinez@example.com,9876543210,843 Pine St,Los Angeles,AZ,95456,USA
13,Emily,Brown,emily.brown@test.com,5647382910,126 Maple St,Chicago,CA,14340,USA
14,Michael,Martinez,michael.martinez@example.com,1234567890,319 Main St,Chicago,CA,89776,USA
15,Linda,Davis,linda.davis@mail.com,1029384756,458 Pine St,New York,IL,74748,USA
16,Sarah,Smith,sarah.smith@example.com,1029384756,504 Maple St,Chicago,NY,98773,USA
17,David,Johnson,david.johnson@test.com,0987654321,230 Main St,Houston,TX,64910,USA
18,Robert,Brown,robert.brown@test.com,5647382910,951 Maple St,New York,TX,16306,USA
19,Linda,Jones,linda.jones@email.com,9876543210,124 Pine St,Houston,CA,63919,USA
20,Emily,Smith,emily.smith@email.com,5647382910,927 Oak St,New York,TX,48896,USA
21,Sarah,Smith,sarah.smith@mail.com,0987654321,678 Oak St,Phoenix,AZ,63701,USA
22,Emily,Smith,emily.smith@email.com,5647382910,909 Oak St,Los Angeles,IL,80918,USA
23,Susan,Martinez,susan.martinez@mail.com,0987654321,434 Maple St,Houston,IL,85748,USA
24,David,Davis,david.davis@email.com,5647382910,684 Main St,Los Angeles,IL,80477,USA
25,Linda,Martinez,linda.martinez@example.com,1234567890,968 Pine St,New York,CA,25452,USA
26,Linda,Johnson,linda.johnson@test.com,1029384756,647 Maple St,Houston,TX,14176,USA
27,James,Martinez,james.martinez@test.com,5647382910,434 Pine St,Phoenix,IL,68355,USA
28,Jane,Williams,jane.williams@email.com,5647382910,177 Maple St,Houston,NY,17700,USA
29,John,Smith,john.smith@mail.com,1234567890,937 Pine St,Houston,AZ,18659,USA
30,Linda,Johnson,linda.johnson@test.com,1029384756,285 Maple St,Chicago,TX,26744,USA
31,Emily,Williams,emily.williams@test.com,9876543210,500 Main St,Chicago,TX,84100,USA
32,John,Brown,john.brown@test.com,1029384756,578 Maple St,New York,TX,80039,USA
33,Linda,Doe,linda.doe@email.com,9876543210,731 Oak St,Phoenix,NY,27200,USA
34,James,Miller,james.miller@mail.com,1029384756,441 Maple St,Los Angeles,TX,28024,USA
35,Sarah,Brown,sarah.brown@example.com,1029384756,691 Pine St,Chicago,TX,60803,USA
36,Robert,Johnson,robert.johnson@example.com,5647382910,333 Oak St,Chicago,NY,54969,USA
37,Robert,Garcia,robert.garcia@email.com,5647382910,256 Maple St,Chicago,AZ,62351,USA
38,David,Smith,david.smith@mail.com,9876543210,556 Pine St,Phoenix,AZ,70110,USA
39,Sarah,Miller,sarah.miller@email.com,9876543210,777 Maple St,New York,IL,49928,USA
40,David,Smith,david.smith@mail.com,1029384756,162 Oak St,Los Angeles,IL,20009,USA
41,David,Garcia,david.garcia@email.com,5647382910,128 Oak St,Chicago,IL,76057,USA
42,Emily,Miller,emily.miller@mail.com,5647382910,699 Main St,Chicago,TX,80824,USA
43,Michael,Williams,michael.williams@test.com,0987654321,381 Main St,Houston,CA,82470,USA
44,David,Martinez,david.martinez@mail.com,9876543210,672 Oak St,Houston,CA,11647,USA
45,Linda,Garcia,linda.garcia@email.com,5647382910,169 Maple St,New York,CA,39124,USA
46,Linda,Doe,linda.doe@test.com,5647382910,162 Pine St,Chicago,IL,35371,USA
47,Michael,Martinez,michael.martinez@mail.com,1234567890,458 Pine St,Chicago,IL,35381,USA
48,James,Jones,james.jones@email.com,5647382910,412 Maple St,New York,TX,69663,USA
49,James,Doe,james.doe@email.com,5647382910,901 Oak St,Phoenix,AZ,32595,USA
50,James,Garcia,james.garcia@example.com,1029384756,884 Pine St,Houston,CA,84528,USA
51,Michael,Brown,michael.brown@test.com,1029384756,986 Maple St,Phoenix,CA,33145,USA
52,Michael,Davis,michael.davis@mail.com,9876543210,872 Oak St,Houston,AZ,27343,USA
53,Sarah,Miller,sarah.miller@email.com,0987654321,313 Main St,Phoenix,NY,99403,USA
54,John,Jones,john.jones@test.com,5647382910,661 Main St,Houston,IL,53156,USA
55,Linda,Miller,linda.miller@mail.com,9876543210,406 Main St,Chicago,TX,28084,USA
56,James,Miller,james.miller@mail.com,0987654321,232 Main St,Chicago,TX,81965,USA
57,John,Johnson,john.johnson@email.com,9876543210,611 Oak St,New York,IL,20230,USA
58,Susan,Miller,susan.miller@mail.com,9876543210,782 Oak St,Chicago,AZ,55583,USA
59,Sarah,Miller,sarah.miller@test.com,0987654321,942 Maple St,Phoenix,IL,51651,USA
60,Susan,Davis,susan.davis@email.com,1029384756,950 Maple St,Phoenix,CA,26687,USA
61,James,Miller,james.miller@example.com,9876543210,279 Main St,Los Angeles,AZ,20385,USA
62,John,Davis,john.davis@email.com,0987654321,644 Maple St,New York,NY,61216,USA
63,Emily,Smith,emily.smith@email.com,9876543210,529 Pine St,Los Angeles,CA,12923,USA
64,Sarah,Williams,sarah.williams@email.com,1234567890,905 Oak St,New York,IL,82064,USA
65,Sarah,Jones,sarah.jones@email.com,1234567890,835 Maple St,Houston,AZ,16860,USA
66,David,Jones,david.jones@test.com,1029384756,211 Main St,New York,CA,53272,USA
67,Jane,Smith,jane.smith@example.com,9876543210,673 Main St,Chicago,IL,50872,USA
68,Michael,Miller,michael.miller@mail.com,0987654321,397 Maple St,Chicago,IL,24617,USA
69,David,Doe,david.doe@email.com,5647382910,717 Main St,New York,NY,75101,USA
70,Robert,Miller,robert.miller@test.com,1029384756,874 Main St,New York,CA,48565,USA
71,Jane,Johnson,jane.johnson@test.com,0987654321,146 Main St,New York,TX,24828,USA
72,Michael,Jones,michael.jones@email.com,0987654321,505 Pine St,Chicago,AZ,39955,USA
73,John,Smith,john.smith@example.com,1029384756,210 Main St,Houston,NY,95611,USA
74,David,Miller,david.miller@test.com,1234567890,320 Pine St,Chicago,TX,97859,USA
75,Linda,Doe,linda.doe@example.com,9876543210,953 Pine St,Los Angeles,IL,36649,USA
76,James,Williams,james.williams@test.com,1234567890,492 Oak St,Los Angeles,CA,92077,USA
77,Robert,Smith,robert.smith@example.com,0987654321,828 Oak St,New York,IL,66215,USA
78,Emily,Martinez,emily.martinez@mail.com,0987654321,390 Oak St,Los Angeles,TX,42279,USA
79,John,Brown,john.brown@example.com,1234567890,406 Main St,Los Angeles,IL,99693,USA
80,James,Williams,james.williams@test.com,1234567890,718 Pine St,Houston,AZ,47202,USA
81,Linda,Davis,linda.davis@mail.com,9876543210,581 Maple St,New York,TX,47593,USA
82,Michael,Miller,michael.miller@mail.com,9876543210,644 Oak St,Chicago,IL,94315,USA
83,James,Johnson,james.johnson@test.com,0987654321,345 Oak St,Phoenix,TX,39288,USA
84,John,Smith,john.smith@email.com,5647382910,563 Maple St,Houston,AZ,15459,USA
85,Emily,Martinez,emily.martinez@example.com,1234567890,382 Maple St,New York,NY,55820,USA
86,David,Johnson,david.johnson@mail.com,5647382910,428 Oak St,Houston,NY,15805,USA
87,Jane,Miller,jane.miller@email.com,0987654321,514 Maple St,Houston,AZ,96754,USA
88,Linda,Garcia,linda.garcia@example.com,9876543210,398 Main St,Phoenix,NY,72081,USA
89,James,Doe,james.doe@example.com,1234567890,442 Pine St,Phoenix,AZ,75667,USA
90,Emily,Jones,emily.jones@email.com,1234567890,693 Main St,Chicago,NY,75997,USA
91,Emily,Williams,emily.williams@email.com,5647382910,672 Main St,New York,NY,98260,USA
92,David,Martinez,david.martinez@example.com,9876543210,713 Oak St,Phoenix,TX,95869,USA
93,Sarah,Garcia,sarah.garcia@example.com,5647382910,450 Main St,Los Angeles,AZ,26607,USA
94,James,Martinez,james.martinez@email.com,5647382910,275 Main St,Phoenix,NY,61408,USA
95,John,Miller,john.miller@mail.com,1234567890,101 Oak St,New York,AZ,95288,USA
96,Sarah,Doe,sarah.doe@example.com,9876543210,875 Oak St,Phoenix,TX,53822,USA
97,Susan,Miller,susan.miller@mail.com,0987654321,332 Pine St,Houston,IL,64186,USA
98,John,Martinez,john.martinez@mail.com,1234567890,893 Oak St,Houston,CA,53876,USA
99,Sarah,Brown,sarah.brown@example.com,9876543210,164 Oak St,Chicago,IL,39223,USA
100,Robert,Brown,robert.brown@email.com,0987654321,384 Main St,Chicago,CA,79350,USA
101,David,Miller,david.miller@mail.com,0987654321,903 Oak St,Houston,TX,75096,USA
102,James,Doe,james.doe@test.com,0987654321,513 Oak St,Los Angeles,IL,78739,USA
103,Michael,Williams,michael.williams@test.com,9876543210,853 Maple St,Los Angeles,IL,54122,USA
104,Emily,Davis,emily.davis@email.com,9876543210,243 Pine St,New York,CA,68672,USA
105,James,Doe,james.doe@email.com,5647382910,308 Oak St,Phoenix,AZ,40037,USA
106,Susan,Martinez,susan.martinez@email.com,9876543210,183 Main St,Phoenix,TX,29339,USA
107,Robert,Jones,robert.jones@email.com,1029384756,938 Main St,Phoenix,AZ,88405,USA
108,Susan,Martinez,susan.martinez@example.com,1029384756,158 Maple St,New York,AZ,21968,USA
109,Jane,Brown,jane.brown@example.com,1029384756,823 Maple St,Chicago,IL,59761,USA
110,Robert,Garcia,robert.garcia@mail.com,0987654321,503 Main St,New York,AZ,53762,USA
111,David,Brown,david.brown@mail.com,9876543210,376 Oak St,Los Angeles,CA,99236,USA
112,Emily,Miller,emily.miller@mail.com,9876543210,910 Main St,New York,AZ,57059,USA
113,Robert,Johnson,robert.johnson@email.com,1029384756,924 Pine St,Phoenix,AZ,89380,USA
114,Susan,Davis,susan.davis@mail.com,1029384756,637 Pine St,Chicago,CA,73448,USA
115,Emily,Doe,emily.doe@mail.com,1029384756,869 Maple St,Houston,AZ,93718,USA
116,John,Garcia,john.garcia@mail.com,0987654321,962 Pine St,New York,CA,48617,USA
117,Linda,Martinez,linda.martinez@email.com,1029384756,397 Maple St,Phoenix,AZ,69718,USA
118,Robert,Miller,robert.miller@email.com,9876543210,651 Main St,Houston,NY,75386,USA
119,Michael,Martinez,michael.martinez@example.com,5647382910,842 Main St,Houston,NY,22194,USA
120,James,Garcia,james.garcia@example.com,0987654321,896 Oak St,Chicago,CA,78079,USA
121,James,Davis,james.davis@mail.com,1234567890,301 Maple St,New York,NY,71490,USA
122,Jane,Johnson,jane.johnson@test.com,5647382910,285 Oak St,Phoenix,TX,33345,USA
123,James,Miller,james.miller@email.com,5647382910,679 Maple St,Los Angeles,NY,71198,USA
124,James,Davis,james.davis@email.com,9876543210,940 Oak St,Phoenix,AZ,32502,USA
125,John,Johnson,john.johnson@example.com,1234567890,305 Oak St,New York,CA,32239,USA
126,Jane,Miller,jane.miller@example.com,1029384756,315 Pine St,Los Angeles,IL,70004,USA
127,Sarah,Miller,sarah.miller@email.com,1029384756,134 Main St,Houston,NY,34648,USA
128,John,Williams,john.williams@mail.com,5647382910,605 Maple St,Los Angeles,CA,94940,USA
129,Linda,Davis,linda.davis@email.com,5647382910,518 Maple St,Phoenix,AZ,22739,USA
130,James,Jones,james.jones@test.com,1234567890,944 Pine St,Chicago,CA,79250,USA
131,Robert,Brown,robert.brown@email.com,5647382910,143 Main St,Los Angeles,CA,87377,USA
132,David,Miller,david.miller@example.com,1029384756,629 Oak St,Houston,CA,82809,USA
133,Jane,Jones,jane.jones@example.com,0987654321,606 Main St,Phoenix,TX,93257,USA
134,Robert,Brown,robert.brown@mail.com,5647382910,307 Oak St,Houston,NY,27167,USA
135,Michael,Williams,michael.williams@email.com,5647382910,502 Oak St,Houston,TX,52247,USA
136,Linda,Johnson,linda.johnson@mail.com,1234567890,694 Maple St,Houston,TX,92526,USA
137,John,Brown,john.brown@test.com,1029384756,236 Maple St,Houston,CA,87794,USA
138,Jane,Miller,jane.miller@example.com,1029384756,571 Oak St,Los Angeles,NY,95488,USA
139,David,Martinez,david.martinez@example.com,0987654321,546 Oak St,Phoenix,IL,71886,USA
140,Linda,Garcia,linda.garcia@email.com,9876543210,111 Maple St,Chicago,NY,21135,USA
141,Susan,Jones,susan.jones@email.com,1234567890,246 Main St,New York,AZ,68776,USA
142,Jane,Doe,jane.doe@mail.com,5647382910,872 Maple St,Los Angeles,AZ,90199,USA
143,James,Miller,james.miller@mail.com,1234567890,554 Pine St,New York,AZ,89518,USA
144,James,Smith,james.smith@mail.com,9876543210,137 Main St,Los Angeles,AZ,81729,USA
145,Michael,Martinez,michael.martinez@test.com,5647382910,700 Maple St,Houston,TX,53127,USA
146,Linda,Doe,linda.doe@test.com,5647382910,325 Oak St,Houston,NY,38235,USA
147,John,Williams,john.williams@test.com,1029384756,771 Maple St,Los Angeles,IL,60652,USA
148,John,Jones,john.jones@mail.com,1234567890,123 Maple St,Los Angeles,IL,41509,USA
149,Linda,Doe,linda.doe@mail.com,5647382910,192 Main St,Los Angeles,CA,53211,USA
150,David,Williams,david.williams@test.com,0987654321,201 Maple St,Houston,NY,29297,USA
151,John,Miller,john.miller@email.com,5647382910,445 Oak St,Houston,AZ,17069,USA
152,James,Martinez,james.martinez@test.com,1234567890,885 Main St,Phoenix,IL,27956,USA
153,John,Johnson,john.johnson@test.com,9876543210,168 Main St,New York,TX,70038,USA
154,John,Garcia,john.garcia@example.com,9876543210,858 Pine St,Chicago,TX,43928,USA
155,Susan,Smith,susan.smith@email.com,1029384756,924 Maple St,Los Angeles,IL,61726,USA
156,Jane,Smith,jane.smith@example.com,1234567890,267 Main St,Los Angeles,TX,43184,USA
157,John,Garcia,john.garcia@test.com,0987654321,759 Pine St,Chicago,IL,50395,USA
158,Susan,Miller,susan.miller@test.com,1234567890,415 Main St,Houston,AZ,75097,USA
159,Robert,Smith,robert.smith@mail.com,1234567890,150 Pine St,Los Angeles,IL,46100,USA
160,Linda,Smith,linda.smith@test.com,0987654321,959 Oak St,Chicago,NY,59664,USA
161,Linda,Johnson,linda.johnson@email.com,0987654321,547 Main St,New York,NY,21405,USA
162,David,Brown,david.brown@test.com,5647382910,408 Pine St,Los Angeles,TX,11001,USA
163,James,Davis,james.davis@example.com,1234567890,847 Oak St,Houston,IL,14682,USA
164,Susan,Miller,susan.miller@example.com,1234567890,342 Pine St,Chicago,IL,82580,USA
165,Linda,Jones,linda.jones@test.com,1029384756,474 Oak St,Chicago,AZ,48975,USA
166,Sarah,Brown,sarah.brown@test.com,1029384756,388 Maple St,Phoenix,CA,10658,USA
167,Susan,Doe,susan.doe@example.com,9876543210,250 Oak St,Houston,CA,72041,USA
168,David,Jones,david.jones@example.com,5647382910,687 Maple St,Phoenix,AZ,23637,USA
169,Sarah,Martinez,sarah.martinez@test.com,9876543210,448 Oak St,Los Angeles,IL,16066,USA
170,Michael,Doe,michael.doe@test.com,0987654321,500 Pine St,Houston,CA,71242,USA
171,Jane,Miller,jane.miller@example.com,1234567890,712 Maple St,Phoenix,IL,88467,USA
172,Jane,Doe,jane.doe@example.com,1234567890,525 Oak St,Phoenix,AZ,48382,USA
173,Linda,Davis,linda.davis@mail.com,1029384756,997 Main St,New York,IL,85565,USA
174,Sarah,Smith,sarah.smith@test.com,5647382910,189 Main St,New York,TX,60486,USA
175,Michael,Smith,michael.smith@email.com,1234567890,872 Oak St,Los Angeles,CA,40995,USA
176,Robert,Miller,robert.miller@example.com,1029384756,519 Main St,New York,NY,66036,USA
177,Sarah,Johnson,sarah.johnson@example.com,1234567890,937 Oak St,Chicago,CA,70845,USA
178,Emily,Jones,emily.jones@email.com,9876543210,163 Main St,Los Angeles,TX,24285,USA
179,Sarah,Garcia,sarah.garcia@mail.com,1029384756,953 Main St,New York,CA,30169,USA
180,Emily,Garcia,emily.garcia@test.com,5647382910,543 Oak St,Chicago,TX,52657,USA
181,Emily,Brown,emily.brown@example.com,1234567890,234 Oak St,Chicago,CA,59680,USA
182,Jane,Garcia,jane.garcia@test.com,0987654321,431 Main St,Chicago,AZ,17501,USA
183,Jane,Martinez,jane.martinez@mail.com,0987654321,532 Pine St,Los Angeles,TX,49394,USA
184,Robert,Doe,robert.doe@mail.com,0987654321,238 Main St,Los Angeles,TX,44765,USA
185,John,Davis,john.davis@email.com,0987654321,267 Pine St,Houston,IL,98753,USA
186,John,Davis,john.davis@mail.com,0987654321,999 Main St,Houston,IL,80915,USA
187,John,Smith,john.smith@email.com,1234567890,949 Pine St,Chicago,NY,28606,USA
188,Jane,Smith,jane.smith@example.com,1029384756,968 Maple St,New York,AZ,19350,USA
189,James,Doe,james.doe@test.com,0987654321,531 Main St,Phoenix,IL,18563,USA
190,James,Doe,james.doe@email.com,9876543210,239 Main St,Houston,CA,78964,USA
191,Jane,Davis,jane.davis@test.com,0987654321,439 Oak St,New York,IL,24501,USA
192,Jane,Williams,jane.williams@test.com,1234567890,243 Main St,Phoenix,TX,69579,USA
193,David,Williams,david.williams@email.com,0987654321,257 Pine St,Los Angeles,TX,34466,USA
194,Jane,Johnson,jane.johnson@mail.com,5647382910,230 Pine St,New York,CA,10796,USA
195,Jane,Martinez,jane.martinez@email.com,9876543210,731 Oak St,New York,CA,79415,USA
196,Jane,Miller,jane.miller@mail.com,5647382910,704 Pine St,Chicago,TX,95769,USA
197,Jane,Garcia,jane.garcia@mail.com,0987654321,510 Maple St,Phoenix,CA,39514,USA
198,Emily,Doe,emily.doe@mail.com,1234567890,580 Pine St,Chicago,CA,85329,USA
199,James,Doe,james.doe@test.com,1029384756,912 Main St,Los Angeles,TX,87975,USA
200,Linda,Miller,linda.miller@email.com,5647382910,456 Main St,Houston,TX,85488,USA
